/escalation/2026/09/TJ-2026-DEMO01-01.pdf,提级论证申请材料.pdf,pdf,13002342
/escalation/2026/09/TJ-2026-DEMO01-02.docx,论证报告.docx,docx,9126805
/escalation/2026/09/TJ-2026-DEMO02-01.pdf,数字政府基础设施项目提级论证申请.pdf,pdf,1887436
/escalation/2026/09/TJ-2026-DEMO03-01.pdf,轨道交通三期工程提级论证申请材料.pdf,pdf,5242880
/escalation/2026/09/TJ-2026-DEMO03-02.pdf,轨道交通三期工程客流预测报告.pdf,pdf,7340032
/escalation/2026/09/TJ-2026-DEMO03-03.pdf,关于补充客流预测批复件的说明.pdf,pdf,524288
/escalation/2026/09/TJ-2026-DEMO04-01.pdf,老旧小区改造项目提级论证申请材料.pdf,pdf,3145728
/escalation/2026/06/TJ-2026-DEMO05-01.pdf,彩虹桥并线桥工程提级论证申请材料.pdf,pdf,4194304
/escalation/2026/06/TJ-2026-DEMO05-02.pdf,彩虹桥并线桥工程通航影响评价.pdf,pdf,6291456
/escalation/2026/06/TJ-2026-DEMO05-03.xlsx,彩虹桥并线桥工程投资估算表.xlsx,xlsx,262144
/escalation/2026/05/TJ-2026-DEMO06-01.pdf,高新技术产业基地建设项目提级论证申请.pdf,pdf,3670016
/escalation/2026/05/TJ-2026-DEMO06-02.docx,高新技术产业基地建设方案.docx,docx,2097152
/escalation/2026/07/TJ-2026-DEMO07-01.pdf,生态环境治理提升工程提级论证申请.pdf,pdf,2621440
/escalation/2026/07/TJ-2026-DEMO07-02.pdf,河道水质与底泥检测报告.pdf,pdf,4718592
/escalation/2026/04/TJ-2026-DEMO08-01.pdf,双青新家园配套道路工程提级论证申请.pdf,pdf,1572864
/escalation/2026/04/TJ-2026-DEMO08-02.jpg,配套道路线位图.jpg,jpg,3565158
/escalation/2026/03/TJ-2026-DEMO09-01.pdf,工一号路及迎水道拓宽工程提级论证申请.pdf,pdf,2883584
/escalation/2026/03/TJ-2026-DEMO09-02.pdf,工一号路及迎水道交通导行方案.pdf,pdf,3407872
/escalation/2026/03/TJ-2026-DEMO09-03.docx,工一号路管线切改方案.docx,docx,1048576
/escalation/2026/02/TJ-2026-DEMO10-01.pdf,张家窝实验中学西侧道路配套工程提级论证申请.pdf,pdf,1310720
/escalation/2026/02/TJ-2026-DEMO10-02.docx,配套道路及排水方案.docx,docx,1572864
/escalation/2026/04/TJ-2026-DEMO10-03.pdf,排水系统衔接补充方案.pdf,pdf,786432
